lemma	form	morph_code
Y	Y	ID
y	y	ID
yang	yang	SgN
yang	yang'e	PlP
yang	yang'eks	PlTr
yang	yang'el	PlAd
yang	yang'ele	PlAll
yang	yang'elt	PlAbl
yang	yang'es	PlIn
yang	yang'esse	PlIll
yang	yang'est	PlEl
yang	yang'i	SgAdt
yang	yang'i	SgG
yang	yang'i	SgP
yang	yang'id	PlN
yang	yang'ide	PlG
yang	yang'idega	PlKom
yang	yang'ideks	PlTr
yang	yang'idel	PlAd
yang	yang'idele	PlAll
yang	yang'idelt	PlAbl
yang	yang'idena	PlEs
yang	yang'ideni	PlTer
yang	yang'ides	PlIn
yang	yang'idesse	PlIll
yang	yang'idest	PlEl
yang	yang'ideta	PlAb
yang	yang'iga	SgKom
yang	yang'iks	SgTr
yang	yang'il	SgAd
yang	yang'ile	SgAll
yang	yang'ilt	SgAbl
yang	yang'ina	SgEs
yang	yang'ini	SgTer
yang	yang'is	SgIn
yang	yang'isid	PlP
yang	yang'isse	SgIll
yang	yang'ist	SgEl
yang	yang'ita	SgAb
Yb	Yb	ID
Y-generatsioon	Y-generatsioon	SgN
Y-generatsioon	Y-generatsioone	PlP
Y-generatsioon	Y-generatsiooneks	PlTr
Y-generatsioon	Y-generatsioonel	PlAd
Y-generatsioon	Y-generatsioonele	PlAll
Y-generatsioon	Y-generatsioonelt	PlAbl
Y-generatsioon	Y-generatsioones	PlIn
Y-generatsioon	Y-generatsioonesse	PlIll
Y-generatsioon	Y-generatsioonest	PlEl
Y-generatsioon	Y-generatsiooni	SgAdt
Y-generatsioon	Y-generatsiooni	SgG
Y-generatsioon	Y-generatsiooni	SgP
Y-generatsioon	Y-generatsioonid	PlN
Y-generatsioon	Y-generatsioonide	PlG
Y-generatsioon	Y-generatsioonidega	PlKom
Y-generatsioon	Y-generatsioonideks	PlTr
Y-generatsioon	Y-generatsioonidel	PlAd
Y-generatsioon	Y-generatsioonidele	PlAll
Y-generatsioon	Y-generatsioonidelt	PlAbl
Y-generatsioon	Y-generatsioonidena	PlEs
Y-generatsioon	Y-generatsioonideni	PlTer
Y-generatsioon	Y-generatsioonides	PlIn
Y-generatsioon	Y-generatsioonidesse	PlIll
Y-generatsioon	Y-generatsioonidest	PlEl
Y-generatsioon	Y-generatsioonideta	PlAb
Y-generatsioon	Y-generatsiooniga	SgKom
Y-generatsioon	Y-generatsiooniks	SgTr
Y-generatsioon	Y-generatsioonil	SgAd
Y-generatsioon	Y-generatsioonile	SgAll
Y-generatsioon	Y-generatsioonilt	SgAbl
Y-generatsioon	Y-generatsioonina	SgEs
Y-generatsioon	Y-generatsioonini	SgTer
Y-generatsioon	Y-generatsioonis	SgIn
Y-generatsioon	Y-generatsioonisid	PlP
Y-generatsioon	Y-generatsioonisse	SgIll
Y-generatsioon	Y-generatsioonist	SgEl
Y-generatsioon	Y-generatsioonita	SgAb
y-generatsioon	y-generatsioon	SgN
y-generatsioon	y-generatsioone	PlP
y-generatsioon	y-generatsiooneks	PlTr
y-generatsioon	y-generatsioonel	PlAd
y-generatsioon	y-generatsioonele	PlAll
y-generatsioon	y-generatsioonelt	PlAbl
y-generatsioon	y-generatsioones	PlIn
y-generatsioon	y-generatsioonesse	PlIll
y-generatsioon	y-generatsioonest	PlEl
y-generatsioon	y-generatsiooni	SgAdt
y-generatsioon	y-generatsiooni	SgG
y-generatsioon	y-generatsiooni	SgP
y-generatsioon	y-generatsioonid	PlN
y-generatsioon	y-generatsioonide	PlG
y-generatsioon	y-generatsioonidega	PlKom
y-generatsioon	y-generatsioonideks	PlTr
y-generatsioon	y-generatsioonidel	PlAd
y-generatsioon	y-generatsioonidele	PlAll
y-generatsioon	y-generatsioonidelt	PlAbl
y-generatsioon	y-generatsioonidena	PlEs
y-generatsioon	y-generatsioonideni	PlTer
y-generatsioon	y-generatsioonides	PlIn
y-generatsioon	y-generatsioonidesse	PlIll
y-generatsioon	y-generatsioonidest	PlEl
y-generatsioon	y-generatsioonideta	PlAb
y-generatsioon	y-generatsiooniga	SgKom
y-generatsioon	y-generatsiooniks	SgTr
y-generatsioon	y-generatsioonil	SgAd
y-generatsioon	y-generatsioonile	SgAll
y-generatsioon	y-generatsioonilt	SgAbl
y-generatsioon	y-generatsioonina	SgEs
y-generatsioon	y-generatsioonini	SgTer
y-generatsioon	y-generatsioonis	SgIn
y-generatsioon	y-generatsioonisid	PlP
y-generatsioon	y-generatsioonisse	SgIll
y-generatsioon	y-generatsioonist	SgEl
y-generatsioon	y-generatsioonita	SgAb
yin	yin	SgN
yin	yin'e	PlP
yin	yin'eks	PlTr
yin	yin'el	PlAd
yin	yin'ele	PlAll
yin	yin'elt	PlAbl
yin	yin'es	PlIn
yin	yin'esse	PlIll
yin	yin'est	PlEl
yin	yin'i	SgAdt
yin	yin'i	SgG
yin	yin'i	SgP
yin	yin'id	PlN
yin	yin'ide	PlG
yin	yin'idega	PlKom
yin	yin'ideks	PlTr
yin	yin'idel	PlAd
yin	yin'idele	PlAll
yin	yin'idelt	PlAbl
yin	yin'idena	PlEs
yin	yin'ideni	PlTer
yin	yin'ides	PlIn
yin	yin'idesse	PlIll
yin	yin'idest	PlEl
yin	yin'ideta	PlAb
yin	yin'iga	SgKom
yin	yin'iks	SgTr
yin	yin'il	SgAd
yin	yin'ile	SgAll
yin	yin'ilt	SgAbl
yin	yin'ina	SgEs
yin	yin'ini	SgTer
yin	yin'is	SgIn
yin	yin'isid	PlP
yin	yin'isse	SgIll
yin	yin'ist	SgEl
yin	yin'ita	SgAb
yin-yang	yin-yang	SgN
yin-yang	yin-yang'e	PlP
yin-yang	yin-yang'eks	PlTr
yin-yang	yin-yang'el	PlAd
yin-yang	yin-yang'ele	PlAll
yin-yang	yin-yang'elt	PlAbl
yin-yang	yin-yang'es	PlIn
yin-yang	yin-yang'esse	PlIll
yin-yang	yin-yang'est	PlEl
yin-yang	yin-yang'i	SgAdt
yin-yang	yin-yang'i	SgG
yin-yang	yin-yang'i	SgP
yin-yang	yin-yang'id	PlN
yin-yang	yin-yang'ide	PlG
yin-yang	yin-yang'idega	PlKom
yin-yang	yin-yang'ideks	PlTr
yin-yang	yin-yang'idel	PlAd
yin-yang	yin-yang'idele	PlAll
yin-yang	yin-yang'idelt	PlAbl
yin-yang	yin-yang'idena	PlEs
yin-yang	yin-yang'ideni	PlTer
yin-yang	yin-yang'ides	PlIn
yin-yang	yin-yang'idesse	PlIll
yin-yang	yin-yang'idest	PlEl
yin-yang	yin-yang'ideta	PlAb
yin-yang	yin-yang'iga	SgKom
yin-yang	yin-yang'iks	SgTr
yin-yang	yin-yang'il	SgAd
yin-yang	yin-yang'ile	SgAll
yin-yang	yin-yang'ilt	SgAbl
yin-yang	yin-yang'ina	SgEs
yin-yang	yin-yang'ini	SgTer
yin-yang	yin-yang'is	SgIn
yin-yang	yin-yang'isid	PlP
yin-yang	yin-yang'isse	SgIll
yin-yang	yin-yang'ist	SgEl
yin-yang	yin-yang'ita	SgAb
y-koordinaat	y-koordinaadeks	PlTr
y-koordinaat	y-koordinaadel	PlAd
y-koordinaat	y-koordinaadele	PlAll
y-koordinaat	y-koordinaadelt	PlAbl
y-koordinaat	y-koordinaades	PlIn
y-koordinaat	y-koordinaadesse	PlIll
y-koordinaat	y-koordinaadest	PlEl
y-koordinaat	y-koordinaadi	SgG
y-koordinaat	y-koordinaadid	PlN
y-koordinaat	y-koordinaadiga	SgKom
y-koordinaat	y-koordinaadiks	SgTr
y-koordinaat	y-koordinaadil	SgAd
y-koordinaat	y-koordinaadile	SgAll
y-koordinaat	y-koordinaadilt	SgAbl
y-koordinaat	y-koordinaadina	SgEs
y-koordinaat	y-koordinaadini	SgTer
y-koordinaat	y-koordinaadis	SgIn
y-koordinaat	y-koordinaadisse	SgIll
y-koordinaat	y-koordinaadist	SgEl
y-koordinaat	y-koordinaadita	SgAb
y-koordinaat	y-koordinaat	SgN
y-koordinaat	y-koordinaate	PlP
y-koordinaat	y-koordinaati	SgAdt
y-koordinaat	y-koordinaati	SgP
y-koordinaat	y-koordinaatide	PlG
y-koordinaat	y-koordinaatidega	PlKom
y-koordinaat	y-koordinaatideks	PlTr
y-koordinaat	y-koordinaatidel	PlAd
y-koordinaat	y-koordinaatidele	PlAll
y-koordinaat	y-koordinaatidelt	PlAbl
y-koordinaat	y-koordinaatidena	PlEs
y-koordinaat	y-koordinaatideni	PlTer
y-koordinaat	y-koordinaatides	PlIn
y-koordinaat	y-koordinaatidesse	PlIll
y-koordinaat	y-koordinaatidest	PlEl
y-koordinaat	y-koordinaatideta	PlAb
y-koordinaat	y-koordinaatisid	PlP
yoni	yoni	SgAdt
yoni	yoni	SgG
yoni	yoni	SgN
yoni	yoni'd	PlN
yoni	yoni'de	PlG
yoni	yoni'dega	PlKom
yoni	yoni'deks	PlTr
yoni	yoni'del	PlAd
yoni	yoni'dele	PlAll
yoni	yoni'delt	PlAbl
yoni	yoni'dena	PlEs
yoni	yoni'deni	PlTer
yoni	yoni'des	PlIn
yoni	yoni'desse	PlIll
yoni	yoni'dest	PlEl
yoni	yoni'deta	PlAb
yoni	yoni'ga	SgKom
yoni	yoni'ks	SgTr
yoni	yoni'l	SgAd
yoni	yoni'le	SgAll
yoni	yoni'lt	SgAbl
yoni	yoni'na	SgEs
yoni	yoni'ni	SgTer
yoni	yoni's	SgIn
yoni	yoni'sid	PlP
yoni	yoni'sse	SgIll
yoni	yoni'st	SgEl
yoni	yoni't	SgP
yoni	yoni'ta	SgAb
Y-põlvkond	Y-põlvkond	SgN
Y-põlvkond	Y-põlvkonda	SgAdt
Y-põlvkond	Y-põlvkonda	SgP
Y-põlvkond	Y-põlvkondade	PlG
Y-põlvkond	Y-põlvkondadega	PlKom
Y-põlvkond	Y-põlvkondadeks	PlTr
Y-põlvkond	Y-põlvkondadel	PlAd
Y-põlvkond	Y-põlvkondadele	PlAll
Y-põlvkond	Y-põlvkondadelt	PlAbl
Y-põlvkond	Y-põlvkondadena	PlEs
Y-põlvkond	Y-põlvkondadeni	PlTer
Y-põlvkond	Y-põlvkondades	PlIn
Y-põlvkond	Y-põlvkondadesse	PlIll
Y-põlvkond	Y-põlvkondadest	PlEl
Y-põlvkond	Y-põlvkondadeta	PlAb
Y-põlvkond	Y-põlvkondasid	PlP
Y-põlvkond	Y-põlvkondi	PlP
Y-põlvkond	Y-põlvkonna	SgG
Y-põlvkond	Y-põlvkonnad	PlN
Y-põlvkond	Y-põlvkonnaga	SgKom
Y-põlvkond	Y-põlvkonnaks	SgTr
Y-põlvkond	Y-põlvkonnal	SgAd
Y-põlvkond	Y-põlvkonnale	SgAll
Y-põlvkond	Y-põlvkonnalt	SgAbl
Y-põlvkond	Y-põlvkonnana	SgEs
Y-põlvkond	Y-põlvkonnani	SgTer
Y-põlvkond	Y-põlvkonnas	SgIn
Y-põlvkond	Y-põlvkonnasse	SgIll
Y-põlvkond	Y-põlvkonnast	SgEl
Y-põlvkond	Y-põlvkonnata	SgAb
Y-põlvkond	Y-põlvkonniks	PlTr
Y-põlvkond	Y-põlvkonnil	PlAd
Y-põlvkond	Y-põlvkonnile	PlAll
Y-põlvkond	Y-põlvkonnilt	PlAbl
Y-põlvkond	Y-põlvkonnis	PlIn
Y-põlvkond	Y-põlvkonnisse	PlIll
Y-põlvkond	Y-põlvkonnist	PlEl
y-põlvkond	y-põlvkond	SgN
y-põlvkond	y-põlvkonda	SgAdt
y-põlvkond	y-põlvkonda	SgP
y-põlvkond	y-põlvkondade	PlG
y-põlvkond	y-põlvkondadega	PlKom
y-põlvkond	y-põlvkondadeks	PlTr
y-põlvkond	y-põlvkondadel	PlAd
y-põlvkond	y-põlvkondadele	PlAll
y-põlvkond	y-põlvkondadelt	PlAbl
y-põlvkond	y-põlvkondadena	PlEs
y-põlvkond	y-põlvkondadeni	PlTer
y-põlvkond	y-põlvkondades	PlIn
y-põlvkond	y-põlvkondadesse	PlIll
y-põlvkond	y-põlvkondadest	PlEl
y-põlvkond	y-põlvkondadeta	PlAb
y-põlvkond	y-põlvkondasid	PlP
y-põlvkond	y-põlvkondi	PlP
y-põlvkond	y-põlvkonna	SgG
y-põlvkond	y-põlvkonnad	PlN
y-põlvkond	y-põlvkonnaga	SgKom
y-põlvkond	y-põlvkonnaks	SgTr
y-põlvkond	y-põlvkonnal	SgAd
y-põlvkond	y-põlvkonnale	SgAll
y-põlvkond	y-põlvkonnalt	SgAbl
y-põlvkond	y-põlvkonnana	SgEs
y-põlvkond	y-põlvkonnani	SgTer
y-põlvkond	y-põlvkonnas	SgIn
y-põlvkond	y-põlvkonnasse	SgIll
y-põlvkond	y-põlvkonnast	SgEl
y-põlvkond	y-põlvkonnata	SgAb
y-põlvkond	y-põlvkonniks	PlTr
y-põlvkond	y-põlvkonnil	PlAd
y-põlvkond	y-põlvkonnile	PlAll
y-põlvkond	y-põlvkonnilt	PlAbl
y-põlvkond	y-põlvkonnis	PlIn
y-põlvkond	y-põlvkonnisse	PlIll
y-põlvkond	y-põlvkonnist	PlEl
y-telg	y-telg	SgN
y-telg	y-telge	SgAdt
y-telg	y-telge	SgP
y-telg	y-telgede	PlG
y-telg	y-telgedega	PlKom
y-telg	y-telgedeks	PlTr
y-telg	y-telgedel	PlAd
y-telg	y-telgedele	PlAll
y-telg	y-telgedelt	PlAbl
y-telg	y-telgedena	PlEs
y-telg	y-telgedeni	PlTer
y-telg	y-telgedes	PlIn
y-telg	y-telgedesse	PlIll
y-telg	y-telgedest	PlEl
y-telg	y-telgedeta	PlAb
y-telg	y-telgesid	PlP
y-telg	y-telgi	PlP
y-telg	y-telje	SgG
y-telg	y-teljed	PlN
y-telg	y-teljega	SgKom
y-telg	y-teljeks	SgTr
y-telg	y-teljel	SgAd
y-telg	y-teljele	SgAll
y-telg	y-teljelt	SgAbl
y-telg	y-teljena	SgEs
y-telg	y-teljeni	SgTer
y-telg	y-teljes	SgIn
y-telg	y-teljesse	SgIll
y-telg	y-teljest	SgEl
y-telg	y-teljeta	SgAb
Yucatán	Yucatán	SgN
Yucatán	Yucatáne	PlP
Yucatán	Yucatáneks	PlTr
Yucatán	Yucatánel	PlAd
Yucatán	Yucatánele	PlAll
Yucatán	Yucatánelt	PlAbl
Yucatán	Yucatánes	PlIn
Yucatán	Yucatánesse	PlIll
Yucatán	Yucatánest	PlEl
Yucatán	Yucatáni	SgAdt
Yucatán	Yucatáni	SgG
Yucatán	Yucatáni	SgP
Yucatán	Yucatánid	PlN
Yucatán	Yucatánide	PlG
Yucatán	Yucatánidega	PlKom
Yucatán	Yucatánideks	PlTr
Yucatán	Yucatánidel	PlAd
Yucatán	Yucatánidele	PlAll
Yucatán	Yucatánidelt	PlAbl
Yucatán	Yucatánidena	PlEs
Yucatán	Yucatánideni	PlTer
Yucatán	Yucatánides	PlIn
Yucatán	Yucatánidesse	PlIll
Yucatán	Yucatánidest	PlEl
Yucatán	Yucatánideta	PlAb
Yucatán	Yucatániga	SgKom
Yucatán	Yucatániks	SgTr
Yucatán	Yucatánil	SgAd
Yucatán	Yucatánile	SgAll
Yucatán	Yucatánilt	SgAbl
Yucatán	Yucatánina	SgEs
Yucatán	Yucatánini	SgTer
Yucatán	Yucatánis	SgIn
Yucatán	Yucatánisid	PlP
Yucatán	Yucatánisse	SgIll
Yucatán	Yucatánist	SgEl
Yucatán	Yucatánita	SgAb
yuppie	yuppie	SgAdt
yuppie	yuppie	SgG
yuppie	yuppie	SgN
yuppie	yuppie'd	PlN
yuppie	yuppie'de	PlG
yuppie	yuppie'dega	PlKom
yuppie	yuppie'deks	PlTr
yuppie	yuppie'del	PlAd
yuppie	yuppie'dele	PlAll
yuppie	yuppie'delt	PlAbl
yuppie	yuppie'dena	PlEs
yuppie	yuppie'deni	PlTer
yuppie	yuppie'des	PlIn
yuppie	yuppie'desse	PlIll
yuppie	yuppie'dest	PlEl
yuppie	yuppie'deta	PlAb
yuppie	yuppie'ga	SgKom
yuppie	yuppie'ks	SgTr
yuppie	yuppie'l	SgAd
yuppie	yuppie'le	SgAll
yuppie	yuppie'lt	SgAbl
yuppie	yuppie'na	SgEs
yuppie	yuppie'ni	SgTer
yuppie	yuppie's	SgIn
yuppie	yuppie'sid	PlP
yuppie	yuppie'sse	SgIll
yuppie	yuppie'st	SgEl
yuppie	yuppie't	SgP
yuppie	yuppie'ta	SgAb
ylang-ylang	ylang-ylang	SgN
ylang-ylang	ylang-ylang'e	PlP
ylang-ylang	ylang-ylang'eks	PlTr
ylang-ylang	ylang-ylang'el	PlAd
ylang-ylang	ylang-ylang'ele	PlAll
ylang-ylang	ylang-ylang'elt	PlAbl
ylang-ylang	ylang-ylang'es	PlIn
ylang-ylang	ylang-ylang'esse	PlIll
ylang-ylang	ylang-ylang'est	PlEl
ylang-ylang	ylang-ylang'i	SgAdt
ylang-ylang	ylang-ylang'i	SgG
ylang-ylang	ylang-ylang'i	SgP
ylang-ylang	ylang-ylang'id	PlN
ylang-ylang	ylang-ylang'ide	PlG
ylang-ylang	ylang-ylang'idega	PlKom
ylang-ylang	ylang-ylang'ideks	PlTr
ylang-ylang	ylang-ylang'idel	PlAd
ylang-ylang	ylang-ylang'idele	PlAll
ylang-ylang	ylang-ylang'idelt	PlAbl
ylang-ylang	ylang-ylang'idena	PlEs
ylang-ylang	ylang-ylang'ideni	PlTer
ylang-ylang	ylang-ylang'ides	PlIn
ylang-ylang	ylang-ylang'idesse	PlIll
ylang-ylang	ylang-ylang'idest	PlEl
ylang-ylang	ylang-ylang'ideta	PlAb
ylang-ylang	ylang-ylang'iga	SgKom
ylang-ylang	ylang-ylang'iks	SgTr
ylang-ylang	ylang-ylang'il	SgAd
ylang-ylang	ylang-ylang'ile	SgAll
ylang-ylang	ylang-ylang'ilt	SgAbl
ylang-ylang	ylang-ylang'ina	SgEs
ylang-ylang	ylang-ylang'ini	SgTer
ylang-ylang	ylang-ylang'is	SgIn
ylang-ylang	ylang-ylang'isid	PlP
ylang-ylang	ylang-ylang'isse	SgIll
ylang-ylang	ylang-ylang'ist	SgEl
ylang-ylang	ylang-ylang'ita	SgAb
yakuza	yakuza	SgAdt
yakuza	yakuza	SgG
yakuza	yakuza	SgN
yakuza	yakuza'd	PlN
yakuza	yakuza'ga	SgKom
yakuza	yakuza'id	PlP
yakuza	yakuza'iks	PlTr
yakuza	yakuza'il	PlAd
yakuza	yakuza'ile	PlAll
yakuza	yakuza'ilt	PlAbl
yakuza	yakuza'is	PlIn
yakuza	yakuza'isse	PlIll
yakuza	yakuza'ist	PlEl
yakuza	yakuza'ks	SgTr
yakuza	yakuza'l	SgAd
yakuza	yakuza'le	SgAll
yakuza	yakuza'lt	SgAbl
yakuza	yakuza'na	SgEs
yakuza	yakuza'ni	SgTer
yakuza	yakuza's	SgIn
yakuza	yakuza'sse	SgIll
yakuza	yakuza'st	SgEl
yakuza	yakuza't	SgP
yakuza	yakuza'ta	SgAb
yakuza	yakuza'te	PlG
yakuza	yakuza'tega	PlKom
yakuza	yakuza'teks	PlTr
yakuza	yakuza'tel	PlAd
yakuza	yakuza'tele	PlAll
yakuza	yakuza'telt	PlAbl
yakuza	yakuza'tena	PlEs
yakuza	yakuza'teni	PlTer
yakuza	yakuza'tes	PlIn
yakuza	yakuza'tesse	PlIll
yakuza	yakuza'test	PlEl
yakuza	yakuza'teta	PlAb
youtuber	youtuber	SgAdt
youtuber	youtuber	SgN
youtuber	youtuber'eid	PlP
youtuber	youtuber'eiks	PlTr
youtuber	youtuber'eil	PlAd
youtuber	youtuber'eile	PlAll
youtuber	youtuber'eilt	PlAbl
youtuber	youtuber'eis	PlIn
youtuber	youtuber'eisse	PlIll
youtuber	youtuber'eist	PlEl
youtuber	youtuber'i	SgG
youtuber	youtuber'id	PlN
youtuber	youtuber'iga	SgKom
youtuber	youtuber'iks	SgTr
youtuber	youtuber'il	SgAd
youtuber	youtuber'ile	SgAll
youtuber	youtuber'ilt	SgAbl
youtuber	youtuber'ina	SgEs
youtuber	youtuber'ini	SgTer
youtuber	youtuber'is	SgIn
youtuber	youtuber'isse	SgIll
youtuber	youtuber'ist	SgEl
youtuber	youtuber'it	SgP
youtuber	youtuber'ita	SgAb
youtuber	youtuber'ite	PlG
youtuber	youtuber'itega	PlKom
youtuber	youtuber'iteks	PlTr
youtuber	youtuber'itel	PlAd
youtuber	youtuber'itele	PlAll
youtuber	youtuber'itelt	PlAbl
youtuber	youtuber'itena	PlEs
youtuber	youtuber'iteni	PlTer
youtuber	youtuber'ites	PlIn
youtuber	youtuber'itesse	PlIll
youtuber	youtuber'itest	PlEl
youtuber	youtuber'iteta	PlAb
Yangon	Yangon	SgN
Yangon	Yangone	PlP
Yangon	Yangoneks	PlTr
Yangon	Yangonel	PlAd
Yangon	Yangonele	PlAll
Yangon	Yangonelt	PlAbl
Yangon	Yangones	PlIn
Yangon	Yangonesse	PlIll
Yangon	Yangonest	PlEl
Yangon	Yangoni	SgAdt
Yangon	Yangoni	SgG
Yangon	Yangoni	SgP
Yangon	Yangonid	PlN
Yangon	Yangonide	PlG
Yangon	Yangonidega	PlKom
Yangon	Yangonideks	PlTr
Yangon	Yangonidel	PlAd
Yangon	Yangonidele	PlAll
Yangon	Yangonidelt	PlAbl
Yangon	Yangonidena	PlEs
Yangon	Yangonideni	PlTer
Yangon	Yangonides	PlIn
Yangon	Yangonidesse	PlIll
Yangon	Yangonidest	PlEl
Yangon	Yangonideta	PlAb
Yangon	Yangoniga	SgKom
Yangon	Yangoniks	SgTr
Yangon	Yangonil	SgAd
Yangon	Yangonile	SgAll
Yangon	Yangonilt	SgAbl
Yangon	Yangonina	SgEs
Yangon	Yangonini	SgTer
Yangon	Yangonis	SgIn
Yangon	Yangonisid	PlP
Yangon	Yangonisse	SgIll
Yangon	Yangonist	SgEl
Yangon	Yangonita	SgAb
Yamoussoukro	Yamoussoukro	SgAdt
Yamoussoukro	Yamoussoukro	SgG
Yamoussoukro	Yamoussoukro	SgN
Yamoussoukro	Yamoussoukrod	PlN
Yamoussoukro	Yamoussoukroga	SgKom
Yamoussoukro	Yamoussoukroid	PlP
Yamoussoukro	Yamoussoukroiks	PlTr
Yamoussoukro	Yamoussoukroil	PlAd
Yamoussoukro	Yamoussoukroile	PlAll
Yamoussoukro	Yamoussoukroilt	PlAbl
Yamoussoukro	Yamoussoukrois	PlIn
Yamoussoukro	Yamoussoukroisse	PlIll
Yamoussoukro	Yamoussoukroist	PlEl
Yamoussoukro	Yamoussoukroks	SgTr
Yamoussoukro	Yamoussoukrol	SgAd
Yamoussoukro	Yamoussoukrole	SgAll
Yamoussoukro	Yamoussoukrolt	SgAbl
Yamoussoukro	Yamoussoukrona	SgEs
Yamoussoukro	Yamoussoukroni	SgTer
Yamoussoukro	Yamoussoukros	SgIn
Yamoussoukro	Yamoussoukrosse	SgIll
Yamoussoukro	Yamoussoukrost	SgEl
Yamoussoukro	Yamoussoukrot	SgP
Yamoussoukro	Yamoussoukrota	SgAb
Yamoussoukro	Yamoussoukrote	PlG
Yamoussoukro	Yamoussoukrotega	PlKom
Yamoussoukro	Yamoussoukroteks	PlTr
Yamoussoukro	Yamoussoukrotel	PlAd
Yamoussoukro	Yamoussoukrotele	PlAll
Yamoussoukro	Yamoussoukrotelt	PlAbl
Yamoussoukro	Yamoussoukrotena	PlEs
Yamoussoukro	Yamoussoukroteni	PlTer
Yamoussoukro	Yamoussoukrotes	PlIn
Yamoussoukro	Yamoussoukrotesse	PlIll
Yamoussoukro	Yamoussoukrotest	PlEl
Yamoussoukro	Yamoussoukroteta	PlAb
Yaoundé	Yaoundé	SgAdt
Yaoundé	Yaoundé	SgG
Yaoundé	Yaoundé	SgN
Yaoundé	Yaoundéd	PlN
Yaoundé	Yaoundéd	SgP
Yaoundé	Yaoundéde	PlG
Yaoundé	Yaoundédega	PlKom
Yaoundé	Yaoundédeks	PlTr
Yaoundé	Yaoundédel	PlAd
Yaoundé	Yaoundédele	PlAll
Yaoundé	Yaoundédelt	PlAbl
Yaoundé	Yaoundédena	PlEs
Yaoundé	Yaoundédeni	PlTer
Yaoundé	Yaoundédes	PlIn
Yaoundé	Yaoundédesse	PlIll
Yaoundé	Yaoundédest	PlEl
Yaoundé	Yaoundédeta	PlAb
Yaoundé	Yaoundéga	SgKom
Yaoundé	Yaoundéks	SgTr
Yaoundé	Yaoundél	SgAd
Yaoundé	Yaoundéle	SgAll
Yaoundé	Yaoundélt	SgAbl
Yaoundé	Yaoundéna	SgEs
Yaoundé	Yaoundéni	SgTer
Yaoundé	Yaoundés	SgIn
Yaoundé	Yaoundésid	PlP
Yaoundé	Yaoundésse	SgIll
Yaoundé	Yaoundést	SgEl
Yaoundé	Yaoundéta	SgAb
Yaren	Yaren	SgAdt
Yaren	Yaren	SgN
Yaren	Yareneid	PlP
Yaren	Yareneiks	PlTr
Yaren	Yareneil	PlAd
Yaren	Yareneile	PlAll
Yaren	Yareneilt	PlAbl
Yaren	Yareneis	PlIn
Yaren	Yareneisse	PlIll
Yaren	Yareneist	PlEl
Yaren	Yareni	SgG
Yaren	Yarenid	PlN
Yaren	Yareniga	SgKom
Yaren	Yareniks	SgTr
Yaren	Yarenil	SgAd
Yaren	Yarenile	SgAll
Yaren	Yarenilt	SgAbl
Yaren	Yarenina	SgEs
Yaren	Yarenini	SgTer
Yaren	Yarenis	SgIn
Yaren	Yarenisse	SgIll
Yaren	Yarenist	SgEl
Yaren	Yarenit	SgP
Yaren	Yarenita	SgAb
Yaren	Yarenite	PlG
Yaren	Yarenitega	PlKom
Yaren	Yareniteks	PlTr
Yaren	Yarenitel	PlAd
Yaren	Yarenitele	PlAll
Yaren	Yarenitelt	PlAbl
Yaren	Yarenitena	PlEs
Yaren	Yareniteni	PlTer
Yaren	Yarenites	PlIn
Yaren	Yarenitesse	PlIll
Yaren	Yarenitest	PlEl
Yaren	Yareniteta	PlAb
Yafo	Yafo	SgAdt
Yafo	Yafo	SgG
Yafo	Yafo	SgN
Yafo	Yafod	PlN
Yafo	Yafod	SgP
Yafo	Yafode	PlG
Yafo	Yafodega	PlKom
Yafo	Yafodeks	PlTr
Yafo	Yafodel	PlAd
Yafo	Yafodele	PlAll
Yafo	Yafodelt	PlAbl
Yafo	Yafodena	PlEs
Yafo	Yafodeni	PlTer
Yafo	Yafodes	PlIn
Yafo	Yafodesse	PlIll
Yafo	Yafodest	PlEl
Yafo	Yafodeta	PlAb
Yafo	Yafoga	SgKom
Yafo	Yafoks	SgTr
Yafo	Yafol	SgAd
Yafo	Yafole	SgAll
Yafo	Yafolt	SgAbl
Yafo	Yafona	SgEs
Yafo	Yafoni	SgTer
Yafo	Yafos	SgIn
Yafo	Yafosid	PlP
Yafo	Yafosse	SgIll
Yafo	Yafost	SgEl
Yafo	Yafota	SgAb
Yokohama	Yokohama	SgAdt
Yokohama	Yokohama	SgG
Yokohama	Yokohama	SgN
Yokohama	Yokohamad	PlN
Yokohama	Yokohamade	PlG
Yokohama	Yokohamadega	PlKom
Yokohama	Yokohamadeks	PlTr
Yokohama	Yokohamadel	PlAd
Yokohama	Yokohamadele	PlAll
Yokohama	Yokohamadelt	PlAbl
Yokohama	Yokohamadena	PlEs
Yokohama	Yokohamadeni	PlTer
Yokohama	Yokohamades	PlIn
Yokohama	Yokohamadesse	PlIll
Yokohama	Yokohamadest	PlEl
Yokohama	Yokohamadeta	PlAb
Yokohama	Yokohamaga	SgKom
Yokohama	Yokohamaks	SgTr
Yokohama	Yokohamal	SgAd
Yokohama	Yokohamale	SgAll
Yokohama	Yokohamalt	SgAbl
Yokohama	Yokohamana	SgEs
Yokohama	Yokohamani	SgTer
Yokohama	Yokohamas	SgIn
Yokohama	Yokohamasid	PlP
Yokohama	Yokohamasse	SgIll
Yokohama	Yokohamast	SgEl
Yokohama	Yokohamat	SgP
Yokohama	Yokohamata	SgAb
Yucatáni poolsaar	Yucatáni poolsaar	SgN
Yucatáni poolsaar	Yucatáni poolsaarde	SgAdt
Yucatáni poolsaar	Yucatáni poolsaare	SgG
Yucatáni poolsaar	Yucatáni poolsaarega	SgKom
Yucatáni poolsaar	Yucatáni poolsaareks	SgTr
Yucatáni poolsaar	Yucatáni poolsaarel	SgAd
Yucatáni poolsaar	Yucatáni poolsaarele	SgAll
Yucatáni poolsaar	Yucatáni poolsaarelt	SgAbl
Yucatáni poolsaar	Yucatáni poolsaarena	SgEs
Yucatáni poolsaar	Yucatáni poolsaareni	SgTer
Yucatáni poolsaar	Yucatáni poolsaares	SgIn
Yucatáni poolsaar	Yucatáni poolsaaresse	SgIll
Yucatáni poolsaar	Yucatáni poolsaarest	SgEl
Yucatáni poolsaar	Yucatáni poolsaareta	SgAb
Yucatáni poolsaar	Yucatáni poolsaart	SgP
Yar Çallı	Yar Çallı	SgAdt
Yar Çallı	Yar Çallı	SgG
Yar Çallı	Yar Çallı	SgN
Yar Çallı	Yar Çallıd	PlN
Yar Çallı	Yar Çallıd	SgP
Yar Çallı	Yar Çallıde	PlG
Yar Çallı	Yar Çallıdega	PlKom
Yar Çallı	Yar Çallıdeks	PlTr
Yar Çallı	Yar Çallıdel	PlAd
Yar Çallı	Yar Çallıdele	PlAll
Yar Çallı	Yar Çallıdelt	PlAbl
Yar Çallı	Yar Çallıdena	PlEs
Yar Çallı	Yar Çallıdeni	PlTer
Yar Çallı	Yar Çallıdes	PlIn
Yar Çallı	Yar Çallıdesse	PlIll
Yar Çallı	Yar Çallıdest	PlEl
Yar Çallı	Yar Çallıdeta	PlAb
Yar Çallı	Yar Çallıga	SgKom
Yar Çallı	Yar Çallıks	SgTr
Yar Çallı	Yar Çallıl	SgAd
Yar Çallı	Yar Çallıle	SgAll
Yar Çallı	Yar Çallılt	SgAbl
Yar Çallı	Yar Çallına	SgEs
Yar Çallı	Yar Çallıni	SgTer
Yar Çallı	Yar Çallıs	SgIn
Yar Çallı	Yar Çallısid	PlP
Yar Çallı	Yar Çallısse	SgIll
Yar Çallı	Yar Çallıst	SgEl
Yar Çallı	Yar Çallıta	SgAb
Yellowstone	Yellowstone	SgN
Yellowstone	Yellowstone'e	PlP
Yellowstone	Yellowstone'eks	PlTr
Yellowstone	Yellowstone'el	PlAd
Yellowstone	Yellowstone'ele	PlAll
Yellowstone	Yellowstone'elt	PlAbl
Yellowstone	Yellowstone'es	PlIn
Yellowstone	Yellowstone'esse	PlIll
Yellowstone	Yellowstone'est	PlEl
Yellowstone	Yellowstone'i	SgAdt
Yellowstone	Yellowstone'i	SgG
Yellowstone	Yellowstone'i	SgP
Yellowstone	Yellowstone'id	PlN
Yellowstone	Yellowstone'ide	PlG
Yellowstone	Yellowstone'idega	PlKom
Yellowstone	Yellowstone'ideks	PlTr
Yellowstone	Yellowstone'idel	PlAd
Yellowstone	Yellowstone'idele	PlAll
Yellowstone	Yellowstone'idelt	PlAbl
Yellowstone	Yellowstone'idena	PlEs
Yellowstone	Yellowstone'ideni	PlTer
Yellowstone	Yellowstone'ides	PlIn
Yellowstone	Yellowstone'idesse	PlIll
Yellowstone	Yellowstone'idest	PlEl
Yellowstone	Yellowstone'ideta	PlAb
Yellowstone	Yellowstone'iga	SgKom
Yellowstone	Yellowstone'iks	SgTr
Yellowstone	Yellowstone'il	SgAd
Yellowstone	Yellowstone'ile	SgAll
Yellowstone	Yellowstone'ilt	SgAbl
Yellowstone	Yellowstone'ina	SgEs
Yellowstone	Yellowstone'ini	SgTer
Yellowstone	Yellowstone'is	SgIn
Yellowstone	Yellowstone'isid	PlP
Yellowstone	Yellowstone'isse	SgIll
Yellowstone	Yellowstone'ist	SgEl
Yellowstone	Yellowstone'ita	SgAb
Yizre’éli org	Yizre’éli org	SgN
Yizre’éli org	Yizre’éli orgu	SgAdt
Yizre’éli org	Yizre’éli orgu	SgP
Yizre’éli org	Yizre’éli oru	SgG
Yizre’éli org	Yizre’éli oruga	SgKom
Yizre’éli org	Yizre’éli oruks	SgTr
Yizre’éli org	Yizre’éli orul	SgAd
Yizre’éli org	Yizre’éli orule	SgAll
Yizre’éli org	Yizre’éli orult	SgAbl
Yizre’éli org	Yizre’éli oruna	SgEs
Yizre’éli org	Yizre’éli oruni	SgTer
Yizre’éli org	Yizre’éli orus	SgIn
Yizre’éli org	Yizre’éli orusse	SgIll
Yizre’éli org	Yizre’éli orust	SgEl
Yizre’éli org	Yizre’éli oruta	SgAb
Yogyakarta	Yogyakarta	SgAdt
Yogyakarta	Yogyakarta	SgG
Yogyakarta	Yogyakarta	SgN
Yogyakarta	Yogyakartad	PlN
Yogyakarta	Yogyakartade	PlG
Yogyakarta	Yogyakartadega	PlKom
Yogyakarta	Yogyakartadeks	PlTr
Yogyakarta	Yogyakartadel	PlAd
Yogyakarta	Yogyakartadele	PlAll
Yogyakarta	Yogyakartadelt	PlAbl
Yogyakarta	Yogyakartadena	PlEs
Yogyakarta	Yogyakartadeni	PlTer
Yogyakarta	Yogyakartades	PlIn
Yogyakarta	Yogyakartadesse	PlIll
Yogyakarta	Yogyakartadest	PlEl
Yogyakarta	Yogyakartadeta	PlAb
Yogyakarta	Yogyakartaga	SgKom
Yogyakarta	Yogyakartaks	SgTr
Yogyakarta	Yogyakartal	SgAd
Yogyakarta	Yogyakartale	SgAll
Yogyakarta	Yogyakartalt	SgAbl
Yogyakarta	Yogyakartana	SgEs
Yogyakarta	Yogyakartani	SgTer
Yogyakarta	Yogyakartas	SgIn
Yogyakarta	Yogyakartasid	PlP
Yogyakarta	Yogyakartasse	SgIll
Yogyakarta	Yogyakartast	SgEl
Yogyakarta	Yogyakartat	SgP
Yogyakarta	Yogyakartata	SgAb
York	York	SgN
York	Yorke	PlP
York	Yorkeks	PlTr
York	Yorkel	PlAd
York	Yorkele	PlAll
York	Yorkelt	PlAbl
York	Yorkes	PlIn
York	Yorkesse	PlIll
York	Yorkest	PlEl
York	Yorki	SgAdt
York	Yorki	SgG
York	Yorki	SgP
York	Yorkid	PlN
York	Yorkide	PlG
York	Yorkidega	PlKom
York	Yorkideks	PlTr
York	Yorkidel	PlAd
York	Yorkidele	PlAll
York	Yorkidelt	PlAbl
York	Yorkidena	PlEs
York	Yorkideni	PlTer
York	Yorkides	PlIn
York	Yorkidesse	PlIll
York	Yorkidest	PlEl
York	Yorkideta	PlAb
York	Yorkiga	SgKom
York	Yorkiks	SgTr
York	Yorkil	SgAd
York	Yorkile	SgAll
York	Yorkilt	SgAbl
York	Yorkina	SgEs
York	Yorkini	SgTer
York	Yorkis	SgIn
York	Yorkisid	PlP
York	Yorkisse	SgIll
York	Yorkist	SgEl
York	Yorkita	SgAb
Ypres	Ypres	SgN
Ypres	Yprese	PlP
Ypres	Ypreseks	PlTr
Ypres	Ypresel	PlAd
Ypres	Ypresele	PlAll
Ypres	Ypreselt	PlAbl
Ypres	Ypreses	PlIn
Ypres	Ypresesse	PlIll
Ypres	Ypresest	PlEl
Ypres	Ypresi	SgAdt
Ypres	Ypresi	SgG
Ypres	Ypresi	SgP
Ypres	Ypresid	PlN
Ypres	Ypreside	PlG
Ypres	Ypresidega	PlKom
Ypres	Ypresideks	PlTr
Ypres	Ypresidel	PlAd
Ypres	Ypresidele	PlAll
Ypres	Ypresidelt	PlAbl
Ypres	Ypresidena	PlEs
Ypres	Ypresideni	PlTer
Ypres	Ypresides	PlIn
Ypres	Ypresidesse	PlIll
Ypres	Ypresidest	PlEl
Ypres	Ypresideta	PlAb
Ypres	Ypresiga	SgKom
Ypres	Ypresiks	SgTr
Ypres	Ypresil	SgAd
Ypres	Ypresile	SgAll
Ypres	Ypresilt	SgAbl
Ypres	Ypresina	SgEs
Ypres	Ypresini	SgTer
Ypres	Ypresis	SgIn
Ypres	Ypresisid	PlP
Ypres	Ypresisse	SgIll
Ypres	Ypresist	SgEl
Ypres	Ypresita	SgAb
Yukon	Yukon	SgAdt
Yukon	Yukon	SgN
Yukon	Yukoneid	PlP
Yukon	Yukoneiks	PlTr
Yukon	Yukoneil	PlAd
Yukon	Yukoneile	PlAll
Yukon	Yukoneilt	PlAbl
Yukon	Yukoneis	PlIn
Yukon	Yukoneisse	PlIll
Yukon	Yukoneist	PlEl
Yukon	Yukoni	SgG
Yukon	Yukonid	PlN
Yukon	Yukoniga	SgKom
Yukon	Yukoniks	SgTr
Yukon	Yukonil	SgAd
Yukon	Yukonile	SgAll
Yukon	Yukonilt	SgAbl
Yukon	Yukonina	SgEs
Yukon	Yukonini	SgTer
Yukon	Yukonis	SgIn
Yukon	Yukonisse	SgIll
Yukon	Yukonist	SgEl
Yukon	Yukonit	SgP
Yukon	Yukonita	SgAb
Yukon	Yukonite	PlG
Yukon	Yukonitega	PlKom
Yukon	Yukoniteks	PlTr
Yukon	Yukonitel	PlAd
Yukon	Yukonitele	PlAll
Yukon	Yukonitelt	PlAbl
Yukon	Yukonitena	PlEs
Yukon	Yukoniteni	PlTer
Yukon	Yukonites	PlIn
Yukon	Yukonitesse	PlIll
Yukon	Yukonitest	PlEl
Yukon	Yukoniteta	PlAb
Yunnan	Yunnan	SgN
Yunnan	Yunnane	PlP
Yunnan	Yunnaneks	PlTr
Yunnan	Yunnanel	PlAd
Yunnan	Yunnanele	PlAll
Yunnan	Yunnanelt	PlAbl
Yunnan	Yunnanes	PlIn
Yunnan	Yunnanesse	PlIll
Yunnan	Yunnanest	PlEl
Yunnan	Yunnani	SgAdt
Yunnan	Yunnani	SgG
Yunnan	Yunnani	SgP
Yunnan	Yunnanid	PlN
Yunnan	Yunnanide	PlG
Yunnan	Yunnanidega	PlKom
Yunnan	Yunnanideks	PlTr
Yunnan	Yunnanidel	PlAd
Yunnan	Yunnanidele	PlAll
Yunnan	Yunnanidelt	PlAbl
Yunnan	Yunnanidena	PlEs
Yunnan	Yunnanideni	PlTer
Yunnan	Yunnanides	PlIn
Yunnan	Yunnanidesse	PlIll
Yunnan	Yunnanidest	PlEl
Yunnan	Yunnanideta	PlAb
Yunnan	Yunnaniga	SgKom
Yunnan	Yunnaniks	SgTr
Yunnan	Yunnanil	SgAd
Yunnan	Yunnanile	SgAll
Yunnan	Yunnanilt	SgAbl
Yunnan	Yunnanina	SgEs
Yunnan	Yunnanini	SgTer
Yunnan	Yunnanis	SgIn
Yunnan	Yunnanisid	PlP
Yunnan	Yunnanisse	SgIll
Yunnan	Yunnanist	SgEl
Yunnan	Yunnanita	SgAb
Yorkshire'i siga	Yorkshire'i sea	SgG
Yorkshire'i siga	Yorkshire'i sead	PlN
Yorkshire'i siga	Yorkshire'i seaga	SgKom
Yorkshire'i siga	Yorkshire'i seaks	SgTr
Yorkshire'i siga	Yorkshire'i seal	SgAd
Yorkshire'i siga	Yorkshire'i seale	SgAll
Yorkshire'i siga	Yorkshire'i sealt	SgAbl
Yorkshire'i siga	Yorkshire'i seana	SgEs
Yorkshire'i siga	Yorkshire'i seani	SgTer
Yorkshire'i siga	Yorkshire'i seas	SgIn
Yorkshire'i siga	Yorkshire'i seasse	SgIll
Yorkshire'i siga	Yorkshire'i seast	SgEl
Yorkshire'i siga	Yorkshire'i seata	SgAb
Yorkshire'i siga	Yorkshire'i siga	SgN
Yorkshire'i siga	Yorkshire'i siga	SgP
Yorkshire'i siga	Yorkshire'i sigade	PlG
Yorkshire'i siga	Yorkshire'i sigadega	PlKom
Yorkshire'i siga	Yorkshire'i sigadeks	PlTr
Yorkshire'i siga	Yorkshire'i sigadel	PlAd
Yorkshire'i siga	Yorkshire'i sigadele	PlAll
Yorkshire'i siga	Yorkshire'i sigadelt	PlAbl
Yorkshire'i siga	Yorkshire'i sigadena	PlEs
Yorkshire'i siga	Yorkshire'i sigadeni	PlTer
Yorkshire'i siga	Yorkshire'i sigades	PlIn
Yorkshire'i siga	Yorkshire'i sigadesse	PlIll
Yorkshire'i siga	Yorkshire'i sigadest	PlEl
Yorkshire'i siga	Yorkshire'i sigadeta	PlAb
Yorkshire'i siga	Yorkshire'i sigasid	PlP
Yorkshire'i siga	Yorkshire'i sigu	PlP
Yamuna	Yamuna	SgAdt
Yamuna	Yamuna	SgG
Yamuna	Yamuna	SgN
Yamuna	Yamunad	PlN
Yamuna	Yamunaga	SgKom
Yamuna	Yamunaid	PlP
Yamuna	Yamunaiks	PlTr
Yamuna	Yamunail	PlAd
Yamuna	Yamunaile	PlAll
Yamuna	Yamunailt	PlAbl
Yamuna	Yamunais	PlIn
Yamuna	Yamunaisse	PlIll
Yamuna	Yamunaist	PlEl
Yamuna	Yamunaks	SgTr
Yamuna	Yamunal	SgAd
Yamuna	Yamunale	SgAll
Yamuna	Yamunalt	SgAbl
Yamuna	Yamunana	SgEs
Yamuna	Yamunani	SgTer
Yamuna	Yamunas	SgIn
Yamuna	Yamunasse	SgIll
Yamuna	Yamunast	SgEl
Yamuna	Yamunat	SgP
Yamuna	Yamunata	SgAb
Yamuna	Yamunate	PlG
Yamuna	Yamunatega	PlKom
Yamuna	Yamunateks	PlTr
Yamuna	Yamunatel	PlAd
Yamuna	Yamunatele	PlAll
Yamuna	Yamunatelt	PlAbl
Yamuna	Yamunatena	PlEs
Yamuna	Yamunateni	PlTer
Yamuna	Yamunates	PlIn
Yamuna	Yamunatesse	PlIll
Yamuna	Yamunatest	PlEl
Yamuna	Yamunateta	PlAb
Yinchuan	Yinchuan	SgN
Yinchuan	Yinchuane	PlP
Yinchuan	Yinchuaneks	PlTr
Yinchuan	Yinchuanel	PlAd
Yinchuan	Yinchuanele	PlAll
Yinchuan	Yinchuanelt	PlAbl
Yinchuan	Yinchuanes	PlIn
Yinchuan	Yinchuanesse	PlIll
Yinchuan	Yinchuanest	PlEl
Yinchuan	Yinchuani	SgAdt
Yinchuan	Yinchuani	SgG
Yinchuan	Yinchuani	SgP
Yinchuan	Yinchuanid	PlN
Yinchuan	Yinchuanide	PlG
Yinchuan	Yinchuanidega	PlKom
Yinchuan	Yinchuanideks	PlTr
Yinchuan	Yinchuanidel	PlAd
Yinchuan	Yinchuanidele	PlAll
Yinchuan	Yinchuanidelt	PlAbl
Yinchuan	Yinchuanidena	PlEs
Yinchuan	Yinchuanideni	PlTer
Yinchuan	Yinchuanides	PlIn
Yinchuan	Yinchuanidesse	PlIll
Yinchuan	Yinchuanidest	PlEl
Yinchuan	Yinchuanideta	PlAb
Yinchuan	Yinchuaniga	SgKom
Yinchuan	Yinchuaniks	SgTr
Yinchuan	Yinchuanil	SgAd
Yinchuan	Yinchuanile	SgAll
Yinchuan	Yinchuanilt	SgAbl
Yinchuan	Yinchuanina	SgEs
Yinchuan	Yinchuanini	SgTer
Yinchuan	Yinchuanis	SgIn
Yinchuan	Yinchuanisid	PlP
Yinchuan	Yinchuanisse	SgIll
Yinchuan	Yinchuanist	SgEl
Yinchuan	Yinchuanita	SgAb
Yarkant	Yarkant	SgN
Yarkant	Yarkante	PlP
Yarkant	Yarkanteks	PlTr
Yarkant	Yarkantel	PlAd
Yarkant	Yarkantele	PlAll
Yarkant	Yarkantelt	PlAbl
Yarkant	Yarkantes	PlIn
Yarkant	Yarkantesse	PlIll
Yarkant	Yarkantest	PlEl
Yarkant	Yarkanti	SgAdt
Yarkant	Yarkanti	SgG
Yarkant	Yarkanti	SgP
Yarkant	Yarkantid	PlN
Yarkant	Yarkantide	PlG
Yarkant	Yarkantidega	PlKom
Yarkant	Yarkantideks	PlTr
Yarkant	Yarkantidel	PlAd
Yarkant	Yarkantidele	PlAll
Yarkant	Yarkantidelt	PlAbl
Yarkant	Yarkantidena	PlEs
Yarkant	Yarkantideni	PlTer
Yarkant	Yarkantides	PlIn
Yarkant	Yarkantidesse	PlIll
Yarkant	Yarkantidest	PlEl
Yarkant	Yarkantideta	PlAb
Yarkant	Yarkantiga	SgKom
Yarkant	Yarkantiks	SgTr
Yarkant	Yarkantil	SgAd
Yarkant	Yarkantile	SgAll
Yarkant	Yarkantilt	SgAbl
Yarkant	Yarkantina	SgEs
Yarkant	Yarkantini	SgTer
Yarkant	Yarkantis	SgIn
Yarkant	Yarkantisid	PlP
Yarkant	Yarkantisse	SgIll
Yarkant	Yarkantist	SgEl
Yarkant	Yarkantita	SgAb
Yorkshire	Yorkshire	SgAdt
Yorkshire	Yorkshire	SgN
Yorkshire	Yorkshire'eid	PlP
Yorkshire	Yorkshire'eiks	PlTr
Yorkshire	Yorkshire'eil	PlAd
Yorkshire	Yorkshire'eile	PlAll
Yorkshire	Yorkshire'eilt	PlAbl
Yorkshire	Yorkshire'eis	PlIn
Yorkshire	Yorkshire'eisse	PlIll
Yorkshire	Yorkshire'eist	PlEl
Yorkshire	Yorkshire'i	SgG
Yorkshire	Yorkshire'id	PlN
Yorkshire	Yorkshire'iga	SgKom
Yorkshire	Yorkshire'iks	SgTr
Yorkshire	Yorkshire'il	SgAd
Yorkshire	Yorkshire'ile	SgAll
Yorkshire	Yorkshire'ilt	SgAbl
Yorkshire	Yorkshire'ina	SgEs
Yorkshire	Yorkshire'ini	SgTer
Yorkshire	Yorkshire'is	SgIn
Yorkshire	Yorkshire'isse	SgIll
Yorkshire	Yorkshire'ist	SgEl
Yorkshire	Yorkshire'it	SgP
Yorkshire	Yorkshire'ita	SgAb
Yorkshire	Yorkshire'ite	PlG
Yorkshire	Yorkshire'itega	PlKom
Yorkshire	Yorkshire'iteks	PlTr
Yorkshire	Yorkshire'itel	PlAd
Yorkshire	Yorkshire'itele	PlAll
Yorkshire	Yorkshire'itelt	PlAbl
Yorkshire	Yorkshire'itena	PlEs
Yorkshire	Yorkshire'iteni	PlTer
Yorkshire	Yorkshire'ites	PlIn
Yorkshire	Yorkshire'itesse	PlIll
Yorkshire	Yorkshire'itest	PlEl
Yorkshire	Yorkshire'iteta	PlAb
Ylivieska	Ylivieska	SgAdt
Ylivieska	Ylivieska	SgG
Ylivieska	Ylivieska	SgN
Ylivieska	Ylivieskad	PlN
Ylivieska	Ylivieskaga	SgKom
Ylivieska	Ylivieskaid	PlP
Ylivieska	Ylivieskaiks	PlTr
Ylivieska	Ylivieskail	PlAd
Ylivieska	Ylivieskaile	PlAll
Ylivieska	Ylivieskailt	PlAbl
Ylivieska	Ylivieskais	PlIn
Ylivieska	Ylivieskaisse	PlIll
Ylivieska	Ylivieskaist	PlEl
Ylivieska	Ylivieskaks	SgTr
Ylivieska	Ylivieskal	SgAd
Ylivieska	Ylivieskale	SgAll
Ylivieska	Ylivieskalt	SgAbl
Ylivieska	Ylivieskana	SgEs
Ylivieska	Ylivieskani	SgTer
Ylivieska	Ylivieskas	SgIn
Ylivieska	Ylivieskasse	SgIll
Ylivieska	Ylivieskast	SgEl
Ylivieska	Ylivieskat	SgP
Ylivieska	Ylivieskata	SgAb
Ylivieska	Ylivieskate	PlG
Ylivieska	Ylivieskatega	PlKom
Ylivieska	Ylivieskateks	PlTr
Ylivieska	Ylivieskatel	PlAd
Ylivieska	Ylivieskatele	PlAll
Ylivieska	Ylivieskatelt	PlAbl
Ylivieska	Ylivieskatena	PlEs
Ylivieska	Ylivieskateni	PlTer
Ylivieska	Ylivieskates	PlIn
Ylivieska	Ylivieskatesse	PlIll
Ylivieska	Ylivieskatest	PlEl
Ylivieska	Ylivieskateta	PlAb
Ylöjärvi	Ylöjärvi	PlP
Ylöjärvi	Ylöjärvi	SgAdt
Ylöjärvi	Ylöjärvi	SgG
Ylöjärvi	Ylöjärvi	SgN
Ylöjärvi	Ylöjärvi	SgP
Ylöjärvi	Ylöjärvid	PlN
Ylöjärvi	Ylöjärvide	PlG
Ylöjärvi	Ylöjärvidega	PlKom
Ylöjärvi	Ylöjärvideks	PlTr
Ylöjärvi	Ylöjärvidel	PlAd
Ylöjärvi	Ylöjärvidele	PlAll
Ylöjärvi	Ylöjärvidelt	PlAbl
Ylöjärvi	Ylöjärvidena	PlEs
Ylöjärvi	Ylöjärvideni	PlTer
Ylöjärvi	Ylöjärvides	PlIn
Ylöjärvi	Ylöjärvidesse	PlIll
Ylöjärvi	Ylöjärvidest	PlEl
Ylöjärvi	Ylöjärvideta	PlAb
Ylöjärvi	Ylöjärvied	PlN
Ylöjärvi	Ylöjärviede	PlG
Ylöjärvi	Ylöjärviedega	PlKom
Ylöjärvi	Ylöjärviedeks	PlTr
Ylöjärvi	Ylöjärviedel	PlAd
Ylöjärvi	Ylöjärviedele	PlAll
Ylöjärvi	Ylöjärviedelt	PlAbl
Ylöjärvi	Ylöjärviedena	PlEs
Ylöjärvi	Ylöjärviedeni	PlTer
Ylöjärvi	Ylöjärviedes	PlIn
Ylöjärvi	Ylöjärviedesse	PlIll
Ylöjärvi	Ylöjärviedest	PlEl
Ylöjärvi	Ylöjärviedeta	PlAb
Ylöjärvi	Ylöjärviega	SgKom
Ylöjärvi	Ylöjärvieks	SgTr
Ylöjärvi	Ylöjärviel	SgAd
Ylöjärvi	Ylöjärviele	SgAll
Ylöjärvi	Ylöjärvielt	SgAbl
Ylöjärvi	Ylöjärviena	SgEs
Ylöjärvi	Ylöjärvieni	SgTer
Ylöjärvi	Ylöjärvies	SgIn
Ylöjärvi	Ylöjärviesid	PlP
Ylöjärvi	Ylöjärviesse	SgIll
Ylöjärvi	Ylöjärviest	SgEl
Ylöjärvi	Ylöjärvieta	SgAb
Ylöjärvi	Ylöjärviga	SgKom
Ylöjärvi	Ylöjärviks	PlTr
Ylöjärvi	Ylöjärviks	SgTr
Ylöjärvi	Ylöjärvil	PlAd
Ylöjärvi	Ylöjärvil	SgAd
Ylöjärvi	Ylöjärvile	PlAll
Ylöjärvi	Ylöjärvile	SgAll
Ylöjärvi	Ylöjärvilt	PlAbl
Ylöjärvi	Ylöjärvilt	SgAbl
Ylöjärvi	Ylöjärvina	SgEs
Ylöjärvi	Ylöjärvini	SgTer
Ylöjärvi	Ylöjärvis	PlIn
Ylöjärvi	Ylöjärvis	SgIn
Ylöjärvi	Ylöjärvisid	PlP
Ylöjärvi	Ylöjärvisse	PlIll
Ylöjärvi	Ylöjärvisse	SgIll
Ylöjärvi	Ylöjärvist	PlEl
Ylöjärvi	Ylöjärvist	SgEl
Ylöjärvi	Ylöjärvit	SgP
Ylöjärvi	Ylöjärvita	SgAb
Y	Y	SgAdt
Y	Y	SgN
Y	Y-e	PlP
Y	Y-eid	PlP
Y	Y-eiks	PlTr
Y	Y-eil	PlAd
Y	Y-eile	PlAll
Y	Y-eilt	PlAbl
Y	Y-eis	PlIn
Y	Y-eisse	PlIll
Y	Y-eist	PlEl
Y	Y-eks	PlTr
Y	Y-el	PlAd
Y	Y-ele	PlAll
Y	Y-elt	PlAbl
Y	Y-es	PlIn
Y	Y-esse	PlIll
Y	Y-est	PlEl
Y	Y-i	SgAdt
Y	Y-i	SgG
Y	Y-i	SgP
Y	Y-id	PlN
Y	Y-ide	PlG
Y	Y-idega	PlKom
Y	Y-ideks	PlTr
Y	Y-idel	PlAd
Y	Y-idele	PlAll
Y	Y-idelt	PlAbl
Y	Y-idena	PlEs
Y	Y-ideni	PlTer
Y	Y-ides	PlIn
Y	Y-idesse	PlIll
Y	Y-idest	PlEl
Y	Y-ideta	PlAb
Y	Y-iga	SgKom
Y	Y-iks	SgTr
Y	Y-il	SgAd
Y	Y-ile	SgAll
Y	Y-ilt	SgAbl
Y	Y-ina	SgEs
Y	Y-ini	SgTer
Y	Y-is	SgIn
Y	Y-isid	PlP
Y	Y-isse	SgIll
Y	Y-ist	SgEl
Y	Y-it	SgP
Y	Y-ita	SgAb
Y	Y-ite	PlG
Y	Y-itega	PlKom
Y	Y-iteks	PlTr
Y	Y-itel	PlAd
Y	Y-itele	PlAll
Y	Y-itelt	PlAbl
Y	Y-itena	PlEs
Y	Y-iteni	PlTer
Y	Y-ites	PlIn
Y	Y-itesse	PlIll
Y	Y-itest	PlEl
Y	Y-iteta	PlAb
Yamagata	Yamagata	SgAdt
Yamagata	Yamagata	SgG
Yamagata	Yamagata	SgN
Yamagata	Yamagatad	PlN
Yamagata	Yamagatade	PlG
Yamagata	Yamagatadega	PlKom
Yamagata	Yamagatadeks	PlTr
Yamagata	Yamagatadel	PlAd
Yamagata	Yamagatadele	PlAll
Yamagata	Yamagatadelt	PlAbl
Yamagata	Yamagatadena	PlEs
Yamagata	Yamagatadeni	PlTer
Yamagata	Yamagatades	PlIn
Yamagata	Yamagatadesse	PlIll
Yamagata	Yamagatadest	PlEl
Yamagata	Yamagatadeta	PlAb
Yamagata	Yamagataga	SgKom
Yamagata	Yamagataks	SgTr
Yamagata	Yamagatal	SgAd
Yamagata	Yamagatale	SgAll
Yamagata	Yamagatalt	SgAbl
Yamagata	Yamagatana	SgEs
Yamagata	Yamagatani	SgTer
Yamagata	Yamagatas	SgIn
Yamagata	Yamagatasid	PlP
Yamagata	Yamagatasse	SgIll
Yamagata	Yamagatast	SgEl
Yamagata	Yamagatat	SgP
Yamagata	Yamagatata	SgAb
Yamanashi	Yamanashi	SgAdt
Yamanashi	Yamanashi	SgG
Yamanashi	Yamanashi	SgN
Yamanashi	Yamanashid	PlN
Yamanashi	Yamanashide	PlG
Yamanashi	Yamanashidega	PlKom
Yamanashi	Yamanashideks	PlTr
Yamanashi	Yamanashidel	PlAd
Yamanashi	Yamanashidele	PlAll
Yamanashi	Yamanashidelt	PlAbl
Yamanashi	Yamanashidena	PlEs
Yamanashi	Yamanashideni	PlTer
Yamanashi	Yamanashides	PlIn
Yamanashi	Yamanashidesse	PlIll
Yamanashi	Yamanashidest	PlEl
Yamanashi	Yamanashideta	PlAb
Yamanashi	Yamanashiga	SgKom
Yamanashi	Yamanashiks	SgTr
Yamanashi	Yamanashil	SgAd
Yamanashi	Yamanashile	SgAll
Yamanashi	Yamanashilt	SgAbl
Yamanashi	Yamanashina	SgEs
Yamanashi	Yamanashini	SgTer
Yamanashi	Yamanashis	SgIn
Yamanashi	Yamanashisid	PlP
Yamanashi	Yamanashisse	SgIll
Yamanashi	Yamanashist	SgEl
Yamanashi	Yamanashit	SgP
Yamanashi	Yamanashita	SgAb
Yamaguchi	Yamaguchi	SgAdt
Yamaguchi	Yamaguchi	SgG
Yamaguchi	Yamaguchi	SgN
Yamaguchi	Yamaguchid	PlN
Yamaguchi	Yamaguchide	PlG
Yamaguchi	Yamaguchidega	PlKom
Yamaguchi	Yamaguchideks	PlTr
Yamaguchi	Yamaguchidel	PlAd
Yamaguchi	Yamaguchidele	PlAll
Yamaguchi	Yamaguchidelt	PlAbl
Yamaguchi	Yamaguchidena	PlEs
Yamaguchi	Yamaguchideni	PlTer
Yamaguchi	Yamaguchides	PlIn
Yamaguchi	Yamaguchidesse	PlIll
Yamaguchi	Yamaguchidest	PlEl
Yamaguchi	Yamaguchideta	PlAb
Yamaguchi	Yamaguchiga	SgKom
Yamaguchi	Yamaguchiks	SgTr
Yamaguchi	Yamaguchil	SgAd
Yamaguchi	Yamaguchile	SgAll
Yamaguchi	Yamaguchilt	SgAbl
Yamaguchi	Yamaguchina	SgEs
Yamaguchi	Yamaguchini	SgTer
Yamaguchi	Yamaguchis	SgIn
Yamaguchi	Yamaguchisid	PlP
Yamaguchi	Yamaguchisse	SgIll
Yamaguchi	Yamaguchist	SgEl
Yamaguchi	Yamaguchit	SgP
Yamaguchi	Yamaguchita	SgAb
Yambol	Yambol	SgAdt
Yambol	Yambol	SgN
Yambol	Yamboleid	PlP
Yambol	Yamboleiks	PlTr
Yambol	Yamboleil	PlAd
Yambol	Yamboleile	PlAll
Yambol	Yamboleilt	PlAbl
Yambol	Yamboleis	PlIn
Yambol	Yamboleisse	PlIll
Yambol	Yamboleist	PlEl
Yambol	Yamboli	SgG
Yambol	Yambolid	PlN
Yambol	Yamboliga	SgKom
Yambol	Yamboliks	SgTr
Yambol	Yambolil	SgAd
Yambol	Yambolile	SgAll
Yambol	Yambolilt	SgAbl
Yambol	Yambolina	SgEs
Yambol	Yambolini	SgTer
Yambol	Yambolis	SgIn
Yambol	Yambolisse	SgIll
Yambol	Yambolist	SgEl
Yambol	Yambolit	SgP
Yambol	Yambolita	SgAb
Yambol	Yambolite	PlG
Yambol	Yambolitega	PlKom
Yambol	Yamboliteks	PlTr
Yambol	Yambolitel	PlAd
Yambol	Yambolitele	PlAll
Yambol	Yambolitelt	PlAbl
Yambol	Yambolitena	PlEs
Yambol	Yamboliteni	PlTer
Yambol	Yambolites	PlIn
Yambol	Yambolitesse	PlIll
Yambol	Yambolitest	PlEl
Yambol	Yamboliteta	PlAb
Yevlax	Yevlax	SgN
Yevlax	Yevlaxe	PlP
Yevlax	Yevlaxeks	PlTr
Yevlax	Yevlaxel	PlAd
Yevlax	Yevlaxele	PlAll
Yevlax	Yevlaxelt	PlAbl
Yevlax	Yevlaxes	PlIn
Yevlax	Yevlaxesse	PlIll
Yevlax	Yevlaxest	PlEl
Yevlax	Yevlaxi	SgAdt
Yevlax	Yevlaxi	SgG
Yevlax	Yevlaxi	SgP
Yevlax	Yevlaxid	PlN
Yevlax	Yevlaxide	PlG
Yevlax	Yevlaxidega	PlKom
Yevlax	Yevlaxideks	PlTr
Yevlax	Yevlaxidel	PlAd
Yevlax	Yevlaxidele	PlAll
Yevlax	Yevlaxidelt	PlAbl
Yevlax	Yevlaxidena	PlEs
Yevlax	Yevlaxideni	PlTer
Yevlax	Yevlaxides	PlIn
Yevlax	Yevlaxidesse	PlIll
Yevlax	Yevlaxidest	PlEl
Yevlax	Yevlaxideta	PlAb
Yevlax	Yevlaxiga	SgKom
Yevlax	Yevlaxiks	SgTr
Yevlax	Yevlaxil	SgAd
Yevlax	Yevlaxile	SgAll
Yevlax	Yevlaxilt	SgAbl
Yevlax	Yevlaxina	SgEs
Yevlax	Yevlaxini	SgTer
Yevlax	Yevlaxis	SgIn
Yevlax	Yevlaxisid	PlP
Yevlax	Yevlaxisse	SgIll
Yevlax	Yevlaxist	SgEl
Yevlax	Yevlaxita	SgAb
Yazd	Yazd	SgN
Yazd	Yazde	PlP
Yazd	Yazdeks	PlTr
Yazd	Yazdel	PlAd
Yazd	Yazdele	PlAll
Yazd	Yazdelt	PlAbl
Yazd	Yazdes	PlIn
Yazd	Yazdesse	PlIll
Yazd	Yazdest	PlEl
Yazd	Yazdi	SgAdt
Yazd	Yazdi	SgG
Yazd	Yazdi	SgP
Yazd	Yazdid	PlN
Yazd	Yazdide	PlG
Yazd	Yazdidega	PlKom
Yazd	Yazdideks	PlTr
Yazd	Yazdidel	PlAd
Yazd	Yazdidele	PlAll
Yazd	Yazdidelt	PlAbl
Yazd	Yazdidena	PlEs
Yazd	Yazdideni	PlTer
Yazd	Yazdides	PlIn
Yazd	Yazdidesse	PlIll
Yazd	Yazdidest	PlEl
Yazd	Yazdideta	PlAb
Yazd	Yazdiga	SgKom
Yazd	Yazdiks	SgTr
Yazd	Yazdil	SgAd
Yazd	Yazdile	SgAll
Yazd	Yazdilt	SgAbl
Yazd	Yazdina	SgEs
Yazd	Yazdini	SgTer
Yazd	Yazdis	SgIn
Yazd	Yazdisid	PlP
Yazd	Yazdisse	SgIll
Yazd	Yazdist	SgEl
Yazd	Yazdita	SgAb
